,0,1,2,3,4,5,6,7,8,9,10,11,12,13,14,15,16,17,18,19,20,21,22,23,24,25,26,27,28,29,30,31,32,33,34,35,36,37,38,39,40,41,42,43,44,45,46,47,48,49,50,51,52,53,54,55,56,57,58,59,60,61,62,63,64,65,66,67,68,69,70,71
0,0.020979442,0.0016700445,-0.010086877,0.03728063,0.00046018304,-0.040672496,0.061505,0.025539273,0.014440762,0.015150631,0.03242402,-0.014028271,-0.016626574,0.036694955,-0.04918707,0.0029362564,0.022220286,0.0114276055,-0.033748988,-0.023813408,0.012668263,-0.025345074,-0.0019047733,-0.021977006,-0.02999036,0.008161031,0.0045937537,0.029667081,0.02683889,0.0064731534,0.010563251,-0.029156359,0.039298244,0.00657407,0.036623884,-0.009469462,0.019667093,0.0008753907,-0.054106075,-0.003778535,0.041878436,0.0017148512,-0.036983043,0.02852211,-0.015097684,0.0070466246,0.034546793,-0.07195547,-0.0023827788,0.0054853233,-0.014973956,0.02132359,-0.036811702,-0.023250222,-0.010931358,0.0039295624,-0.02046454,-0.008155868,-0.0006330943,0.03160199,0.05346967,0.062430013,-0.025473708,0.017239438,0.04224511,0.039923355,0.016434215,-0.024434732,0.015821312,-0.01941627,-0.023948468,-0.005179724
1,-0.047498435,-0.03571598,-0.16832826,-0.07500787,-0.01882826,-0.045342375,-0.1765378,-0.09745433,-0.0636215,-0.05516881,-0.25610837,-0.2205846,-0.10393862,-0.04251152,-0.0035641254,-0.1242295,-0.0836587,-0.08640927,-0.00047891057,-0.05957081,-0.047541972,-0.05054962,-0.05378334,-0.024957718,-0.054837737,-0.074684694,-0.21676278,-0.05277712,-0.029984683,-0.03376951,-0.15393648,-0.055649575,-0.043178458,-0.041847553,-0.24886914,-0.22634536,-0.14926264,-0.123509854,0.09175881,-0.06372771,-0.09971994,-0.10016213,0.06284203,0.0049907533,-0.049523644,-0.062390685,-0.025590453,0.07994225,-0.0553822,-0.035340093,-0.058329303,-0.117592506,-0.03772076,-0.06395944,-0.08558785,-0.078442976,-0.03537957,-0.06888559,-0.094341256,-0.079685695,-0.10069655,-0.053445987,0.084807076,-0.011074456,-0.10454621,-0.074677676,0.08973273,-0.0087378975,-0.057679057,-0.04517223,0.04094002,0.098781735
2,-0.012133517,-0.02799995,-0.008024759,-0.069445975,-0.025910867,-0.09800911,-0.06964528,-0.04507852,-0.061877094,-0.043579917,-0.06178408,-0.048530214,-0.069460295,-0.04949556,-0.09729333,-0.0023027114,-0.0074892393,-0.058914762,-0.07751767,-0.03932616,-0.0059194365,-0.007025646,-0.09103878,-0.05233037,-0.014838308,-0.01122028,-0.06449021,-0.024310421,-0.00087208214,-0.02813872,-0.07960491,-0.046074826,-0.028136501,0.009179612,-0.059239227,-0.09001586,-0.043617938,-0.045766063,-0.03305319,-0.019962784,-0.04942995,-0.03238932,-0.03886925,-0.0009641872,-0.055133156,-0.01933927,-0.04673474,-0.017864218,0.0048158444,-0.04906855,-0.026985975,-0.07572642,-0.0603772,-0.057745285,-0.066610694,-0.033678457,-0.06204352,-0.012836533,-0.055059377,-0.049481995,-0.031965952,-0.07819033,0.044210937,0.016663559,-0.034927767,-0.020714197,0.059580527,0.016747726,-0.07057074,-0.056861598,0.14186272,0.018927358
3,-0.035421714,-0.054356568,-0.08137653,-0.10897449,-0.019940164,-0.10615717,-0.06199233,-0.04754937,-0.052032582,-0.0035317088,-0.14909457,-0.059952445,-0.07882775,-0.022278527,-0.0351042,-0.036956165,-0.069184236,-0.02225573,0.042949155,-0.04266885,-0.02473841,-0.032346826,0.06694356,-0.037750706,-0.06941211,-0.043017723,-0.13125375,-0.11058301,-0.049896657,-0.11215238,-0.08893377,-0.08786936,-0.080440335,-0.019420953,-0.12431898,-0.14322151,-0.08067275,-0.09705589,0.06731411,8.422059e-05,-0.06386842,-0.013092804,0.11126355,-0.0020739974,-0.053420123,-0.06993549,0.101865575,0.10710904,-0.027516922,-0.028096382,-0.15088049,-0.093024954,-0.048499886,-0.08279967,-0.1310102,-0.08133563,-0.030467689,-0.0015713458,-0.13443308,-0.17836957,-0.0804377,-0.03899219,0.044857312,-0.046733093,-0.07631414,-0.03962235,0.045884047,-0.030808557,-0.058895513,-0.020160954,0.05779505,0.016760176
4,-0.030925732,-0.035319086,-0.00839027,-0.01693408,-0.009802265,-0.028667727,-0.020255366,-0.016626474,-0.020295875,-0.003625574,-0.034812983,-0.011294931,-0.02669017,0.021721393,-0.01738409,-0.0015687516,-0.011079312,-0.006128845,-0.00816952,0.02513511,0.024090135,-0.011750109,-0.02673337,-0.011904729,-0.01291865,0.015233813,-0.0143040735,-0.0033278454,-0.00356841,-0.019696051,-0.029964926,-0.010320607,0.024439953,0.01975834,-0.072152115,-0.03529747,-0.030512972,0.0144516295,0.03638255,0.010783072,-0.0017174927,-0.0010550909,0.0055911364,-0.033594195,-0.025930034,-0.01699582,-0.029278973,0.040449165,-0.050667208,0.00845823,-0.050386548,-0.00544123,-0.032236237,-0.050429553,-0.05034291,-0.02121447,-0.015205007,-0.008973687,0.010420365,-0.016849365,-0.06610278,-0.042358004,-0.013696218,0.04707077,-0.0050345673,0.021464914,0.049647562,0.019408466,-0.023404952,-0.0037692725,0.04920712,0.012234597
5,0.021804733,0.011115931,-0.0206109,-0.009068295,0.008253603,0.020627525,-0.029869843,-0.048025515,0.023273755,-0.008988738,-0.058212377,-0.06306907,-0.0147666875,-0.04746084,0.025516076,-0.040634964,-0.039961383,0.016042573,0.025447084,0.0018405762,-0.041716576,-0.012489909,0.073915966,-0.027501896,0.0017257595,0.07325868,0.0026207077,-0.0338243,0.035390425,0.013992267,0.0115703065,-0.004164715,0.0015138978,0.02927145,0.013511935,0.025513327,-0.0058551794,0.04015667,-0.045061544,-0.03747145,0.0010543808,-0.058751248,-0.016397618,0.0025129262,0.031723864,-0.013998774,-0.04763471,-0.018435929,0.014163475,0.063019164,-0.012220798,-0.019284595,0.045752067,0.026269577,-0.0018077921,-0.01346076,0.019932952,0.020905664,-0.006222221,-0.029763581,0.027280245,0.015460637,-0.009282813,-0.009423219,-0.031125912,-0.014669979,-0.008454349,-0.00725641,-0.024541274,-0.042424917,0.055173803,-0.015531238
6,-0.025807086,-0.069418184,-0.085484244,-0.038680304,-0.054507438,-0.076872885,-0.07071188,-0.02877853,-0.045063104,-0.022902414,-0.12321488,-0.106511824,-0.040391903,-0.01752109,-0.04928186,-0.01948127,-0.018023252,-0.02643799,-0.049830474,-0.013305653,-0.0044752765,-0.00345199,-0.09926722,-0.046341468,-0.048790857,-0.058414724,0.0031879973,-0.055232942,-0.018895622,-0.02319123,0.011361113,-0.03389924,-0.045192033,0.00819689,-0.07312331,0.009206055,-0.019865604,0.016205074,0.112150565,0.005505847,-0.020428687,0.041161317,0.037311826,0.0013710865,-0.016286066,-0.001140343,0.038007606,0.077202186,-0.05430957,0.022774426,-0.004440606,-0.037982352,-0.026609616,-0.011692792,-0.017533764,-0.046159416,-0.034093257,-0.015829071,-0.029000958,-0.00041292462,-0.033258952,-0.002447198,-0.05543506,-0.05992502,-0.025034951,-0.10768034,-0.0661244,-0.022195693,-0.034821358,-0.03649663,-0.11402505,-0.0051339795
7,-0.015248136,0.05211514,-0.15288092,-0.070497006,-0.024995703,-0.035995413,-0.10567822,-0.04781066,0.0027635072,0.010055754,-0.026349058,-0.10903579,0.019748107,-0.007903143,-0.07909851,-0.08208862,0.00061592995,-0.038179066,-0.062678,0.021086624,-0.013809974,0.005693971,-0.07756978,-0.04903446,-0.03422157,-0.033595227,-0.04732219,-0.063142255,-0.06490045,-0.047058653,-0.040953573,-0.002954009,-0.043689743,-0.016182123,0.011212113,-0.03637148,0.033903137,-0.033879485,0.031049304,-0.016586456,0.027030138,0.08592301,0.011293998,-0.030385736,-0.0047158757,0.020402761,-0.018312676,0.075570285,0.052021388,0.061656963,-0.12111169,0.0017997298,-0.00046145366,-0.060600094,-0.047576237,-0.04296091,0.058847807,0.012132714,0.022499196,-0.028794646,0.037604015,0.028464388,-0.10551615,0.017160213,-0.008941029,-0.0172128,-0.096812375,0.0008363093,0.007383365,0.018224427,-0.13779104,-0.13400306
8,-0.012412434,-0.0005067035,0.0349573,-0.07023139,-0.04078257,0.01925111,0.024982886,0.0119305095,-0.0013858755,-0.016860003,-0.000905264,-0.009593714,0.017593661,-0.007922526,0.046034683,-0.016969562,-0.031240482,0.042991526,0.045618538,0.02726153,-0.0066052442,0.0066179945,0.021381738,0.03321714,0.0018557038,-0.09698217,-0.021732463,-0.017007526,-0.07319847,-0.00953471,0.011495819,-0.006829946,-0.0063615325,0.02769295,-0.061201457,-0.031476337,0.026377203,-0.00027555978,0.03323785,-0.025479276,-0.041930713,-0.008884521,-0.0026441733,-0.050449323,0.0055622617,-0.055851907,-0.05007103,-0.016881445,0.027823232,-0.023375425,-0.025227576,-0.041953873,-0.008861541,-0.02114075,0.041533228,0.01547823,-0.0008540663,-0.0081350915,-0.049271822,-0.03507472,0.034660947,-0.014387286,0.06309264,-0.019646421,-0.02844672,0.058524873,0.01168252,0.0024828664,-0.0071041407,-0.013461639,-0.025099352,0.037773233
9,-0.0049896003,0.037863582,-0.09411204,-0.04035163,0.022432355,-0.0069389176,-0.08430951,-0.031883996,-0.015018784,-0.0002294163,-0.11252874,-0.11465042,0.012753728,0.042023625,-0.001036717,-0.0035462256,0.03240719,0.04896845,0.023412405,0.039691962,-0.000998555,0.02079302,-0.033403553,0.027893605,-0.029857108,-0.038055915,-0.0288347,-0.12795584,-0.046701454,0.0024274916,-0.041151043,-0.045337643,-0.014759993,-0.003939492,-0.08283,-0.064746685,-0.031521175,-0.045891915,0.041568466,-0.0057165883,-0.049396116,-0.010071514,-0.0065620807,0.032523002,-0.030452432,-0.032161526,0.0768929,0.032260142,-0.033356067,-0.059397686,-0.00913279,-0.030731102,-0.03743101,-0.013302185,-0.018302312,-0.002085336,-0.015057719,0.01195141,0.003755797,-0.03255309,-0.081022955,-0.014266735,-0.0033853354,-0.024713855,0.008199625,-0.04235976,-0.0055464027,-0.020494115,-0.031162515,-0.0176643,-0.0156019,-0.023072703
10,-0.0074164732,-0.028465122,0.0036289038,0.049640495,0.0018919237,-0.0033600319,0.0013814569,0.006624293,0.017148467,-0.0014741634,0.054477487,-0.011806566,0.009860384,0.033845864,0.07999565,0.025534289,0.02997507,0.027144035,0.05736599,0.010508941,0.0022974932,-0.0223679,0.030148204,0.038610183,-0.012289997,0.019145824,-0.025855886,0.014983767,0.003322806,-0.03276456,0.03929024,-0.0050078603,0.047952473,0.028557207,0.09149119,-0.00087782304,0.01874583,0.021155206,-0.06914274,0.019415893,-0.033722013,-0.02596071,-0.036933955,-0.0069477633,0.008240779,-0.0006987475,-0.0076988405,-0.07074312,0.059890844,-0.031604778,-0.057125676,-0.03318995,0.05557022,0.035079665,-0.028736576,-0.03470549,0.030409189,0.041749068,0.06289144,-0.039570723,0.064110026,0.0010215392,-0.068952024,-0.02525386,0.044801954,-0.024465349,-0.009329847,-0.0070930994,0.026623264,0.030395096,-0.029448664,-0.07446688
11,-0.030064506,-0.0034442362,-0.0027419769,-0.059047647,-0.0067174877,-0.053521376,0.017357616,0.0036460354,-0.015165281,-0.012403045,0.085776106,0.026161801,-0.036372416,0.009987665,-0.019398203,-0.041439597,-0.013309384,-0.10069131,-0.054760996,-0.026636261,0.025539,0.026108542,-0.036931597,-0.0176764,0.09110121,0.09710163,-0.0041126865,-0.06772947,0.0766014,0.00862817,-0.062141284,-0.028708812,0.011355682,0.05096654,0.016540093,-0.05238122,-0.07393425,-0.030178512,0.037640776,0.015136887,-0.009199331,0.060467802,0.04692577,0.009198693,-0.009925735,-0.015548809,-0.018890427,0.084635966,0.046140384,0.073002234,0.012739465,-0.056786694,0.038920317,-0.0639757,0.011482121,-0.02086042,0.049297452,0.08775429,-0.023348693,0.020392649,-0.058926925,-0.009208945,0.13899623,0.009521194,-0.02280071,-0.022867223,0.14475909,0.018293997,0.014770467,0.024027992,0.08959647,0.098262765
12,0.026665846,-0.044962153,-0.15364076,-0.09523976,0.0202562,-0.027265042,-0.13735776,-0.08176014,-0.029025897,0.012199663,-0.147141,-0.11867653,0.037839882,0.06171592,-0.07476176,0.049418822,0.05184728,0.042938177,-0.049082123,0.005510726,0.049952775,0.012722812,-0.0042849006,-0.037355665,0.0038206696,-0.011007328,-0.08676131,0.015260495,-0.024561554,-0.0234606,-0.10626521,-0.0177602,-0.00014023976,-0.005940248,-0.022263573,-0.08182458,0.010708044,-0.0062954943,-0.04463308,-0.041263327,0.016581686,-0.074115925,0.016229501,0.03719764,0.01315048,-0.012909004,-0.018844761,0.02318075,0.020901132,0.074931554,-0.055619355,-0.021068256,0.014127001,0.06888936,-0.060915668,-0.036632814,0.022113068,0.03816305,-0.07739723,-0.07975415,-0.09413616,-0.091291934,-0.007907881,-0.089894466,-0.027287543,-0.05800171,-0.010128373,-0.07753987,-0.05453142,-0.032891463,0.0053696856,0.020316128
13,-0.016729448,-0.018616626,0.055750433,0.025302215,0.0305404,0.038775243,0.012333648,-0.018066859,0.0062626884,0.031921417,0.05244166,-0.005855145,0.0014787227,0.026217664,0.08664585,0.08555764,0.0005068639,0.102533646,0.062231846,0.083256155,-0.008725921,0.008741653,0.043131433,0.08783438,0.058446866,0.06431484,-0.099443436,-0.03613151,0.118830726,0.048765007,-0.07758829,-0.044553194,0.081357285,0.07265814,-0.0834515,-0.09860408,0.038847126,0.006418981,0.07649846,-0.005113093,0.053229287,0.04392034,0.023722421,-0.011569851,0.06453731,0.046109132,0.07560362,0.049500816,0.08521175,0.14375593,0.071571834,0.040775795,0.08453532,0.06442465,0.09187541,0.09433227,0.096184716,0.07054399,0.092439875,0.077873684,0.00030917034,-0.021441933,0.09154591,0.03942705,-0.010709316,0.083542265,0.12091517,0.019242283,0.0246657,0.009626487,0.009021575,0.09265487
14,-0.014904633,-0.019594409,-0.1004149,-0.056816805,-0.016503869,-0.0689787,-0.09208199,-0.042017203,0.0008078476,-0.048759863,-0.15269378,-0.1209354,-0.051785685,-0.06513157,-0.16657223,-0.0768789,-0.050830092,-0.12244292,-0.09906417,-0.07851726,-0.06458296,-0.037700627,-0.168878,-0.18093197,-0.049820807,-0.0029301217,0.0062535224,-0.020301089,-0.0301788,-0.098263234,-0.02623179,-0.021095697,-0.04847708,-0.04158702,-0.07967898,-0.026379952,-0.044151183,-0.07416654,0.10132751,-0.020238653,-0.12768872,-0.017562615,0.081300855,-0.016690413,-0.017391236,0.0069667245,0.12106164,0.07526131,-0.04862773,-0.012279983,-0.086516656,-0.0550382,-0.03166814,-0.06657832,-0.08644397,-0.036522437,-0.0665579,-0.057827756,-0.16874234,-0.07920794,-0.12070967,-0.12085427,0.040956456,0.005836749,-0.09611953,-0.028055344,0.11757168,0.029822983,-0.07544076,-0.027553318,0.1406192,0.053013872
15,0.0023776651,-0.015466169,0.0016639637,-0.013290607,-0.023156123,0.044825524,0.016989205,0.03356744,-0.025156755,0.036581095,-0.024384107,0.013604883,-0.027679157,0.0109872855,0.09599669,0.031076115,-0.0016972366,0.070961125,0.06086609,0.027690096,-0.010211025,0.033491038,0.035365753,0.09237883,0.0045041507,-0.02583214,0.00035664657,-0.088661015,0.010888642,-0.035248116,0.02291157,0.007172266,-0.01835736,0.046406705,0.044629022,0.08175359,-0.06718393,-0.10632784,-0.040034164,-0.02065193,-0.04444019,0.016192267,0.009990388,-0.017571045,-0.035582345,-0.047678303,-0.09971059,-0.051639732,-0.016697386,0.025445895,-0.016999623,-0.03157752,-0.0074658785,-0.09029118,-0.0339435,-0.004510809,-0.0072135213,0.03677478,0.037550338,0.00244387,0.0018431951,0.050496235,0.07053015,0.027211076,0.0005288543,-0.02076356,0.090562426,-0.0008914632,-0.022198075,-0.04476636,-0.037865162,0.055591222
16,0.008692243,-0.08505331,0.07482314,0.0008673682,-0.004376617,-0.008740229,0.0058171726,0.011703023,0.03507171,0.010641673,0.0630093,0.012444591,-0.05547292,-0.03826879,-0.030187214,-0.03290219,-0.04395423,-0.04818166,0.01566424,0.023630355,-0.054524716,-0.041199654,0.06572617,-0.045476813,-0.07974889,-0.035141006,0.040680774,0.061557494,-0.033259794,-0.029214127,0.043769997,0.052568093,-0.00027968097,-0.023765502,0.031510297,-0.050353922,0.0020965503,-0.019708559,-0.064535104,-0.06415534,-0.046812564,-0.017521445,-0.09148553,-0.038077645,-0.0046472065,0.0022663954,-0.033695053,-0.049137075,-0.03526149,-0.099462345,0.10394138,0.03267005,-0.047360852,-0.03766081,0.041635714,0.01514379,-0.0485888,-0.005129909,0.0539815,0.04239072,-0.009752654,-0.0022602528,0.05152547,0.030433657,0.0430511,0.044092037,0.012436796,-0.016892033,0.026075862,-0.0137769915,-0.0020245789,0.03155081
17,0.032924455,-0.0041116416,-0.023583466,0.09235762,0.079045475,0.1251649,0.0037878596,-0.0029774026,0.10808139,0.01376455,-0.013139156,0.021684868,0.037901133,0.07805054,0.061879363,0.075914524,0.01719552,0.081782185,0.06633066,0.02102983,0.024230754,0.04476719,0.03561598,0.046105284,0.04836701,0.07928411,0.057494078,0.08428667,0.08797272,0.0765387,0.016977144,-0.0216951,0.074678704,0.052615434,0.03350485,0.019594142,0.048487384,0.023597928,-0.0038132046,-0.007277554,-0.003051242,-0.015054442,-0.042780325,-0.02672203,0.05414347,0.08054651,0.0057264576,-0.01788912,0.0636076,0.08175883,-0.0007106882,0.036527816,0.06553322,0.036206752,-0.023191676,-0.00085125753,0.04455697,0.03414376,0.025490588,-0.025749156,0.03396458,0.018967435,-0.021562103,0.036337417,0.004482258,0.066571586,0.045421917,0.0036150147,0.022309622,0.04805203,-0.022169588,0.021400126
18,0.060851276,0.05251895,-0.07545578,-0.059893347,0.033913307,0.018388478,-0.10388865,-0.03070863,0.054078214,0.02602653,-0.021351315,-0.062858194,0.02921097,0.016812693,-0.07828296,-0.076560624,0.02822828,-0.033246312,-0.09173997,-0.06039388,0.0074104373,-0.003998701,-0.025574233,-0.04208728,0.069896795,0.10581902,-0.1136936,0.02016771,0.095281355,0.09473555,-0.077343784,0.03314881,0.07113592,0.01557275,-0.06040321,-0.024676438,-0.08464185,-0.101094425,0.08471036,0.028914167,-0.044404525,0.06966721,0.04804323,0.019262645,-0.07908091,-0.019080399,0.09669753,0.036292188,0.073353924,0.13772857,-0.13702856,-0.015081761,0.09058806,0.06679782,-0.12403572,0.0117174005,0.06092835,0.025294468,-0.17375723,-0.1248079,-0.07000234,-0.09070487,0.1807944,0.12902123,-0.09913685,0.10184823,0.17405531,0.07871879,-0.028634371,-0.018007137,0.11298368,0.17502758
19,-0.0042795627,0.00076639815,-0.06880991,-0.009606053,0.0004731103,0.01346966,-0.046662968,-0.06565041,-0.014428557,0.012005678,-0.06794839,-0.07072149,0.007322885,-0.00025101038,0.0033908056,-0.016206246,0.01968497,-0.006924045,-0.027873939,-0.0005383401,0.002722494,-0.015430363,0.048109308,0.0066589788,-0.0064717713,0.012561933,-0.03603929,0.025030857,0.0111076385,0.037704807,0.022142677,0.004960471,-0.02365603,0.034007326,0.00122471,-0.07469704,-0.018481333,-0.02195635,0.0010866487,0.0065397047,-0.041169766,-0.009453529,-0.003362345,-0.0006028433,0.030645855,0.0037440772,-0.040061392,-0.03770344,-0.033368286,0.007372508,0.03458879,0.03751965,0.0077975583,0.03709367,-0.0021064517,0.05089382,0.0016798866,0.03184419,0.01593127,-0.014484031,-0.048050586,0.04496425,-0.038288143,0.031055178,-0.012060238,0.011890061,-0.010404197,-0.026816588,-0.019633988,-0.008476118,0.03553542,0.0017944123
20,0.043468248,0.0077155707,0.015944446,-0.04967876,0.04447171,-0.02838939,-0.021469684,-0.008412938,0.04176689,-0.00082026393,-0.009265717,-0.002161669,-0.01443766,-0.011864479,0.05449402,-0.07406197,0.01883003,0.007840495,0.06071603,-0.045508467,0.046805874,-0.015742412,0.039543994,0.022871424,-0.07635079,-0.005185987,-0.029797543,-0.07231425,0.026092352,-0.08151703,-0.021376254,-0.020362837,0.021098815,-0.04062468,-0.08371369,-0.03397201,-0.018081434,-0.0116398595,-0.044308458,-0.074770816,0.011384879,0.06561303,-0.027295677,0.010170905,0.05172959,0.034606364,-0.07128979,-0.043245655,-0.0156147815,-0.031267438,-0.042693198,-0.03349569,0.020142438,-0.10623579,-0.028252278,-0.03866986,-0.015000022,-0.019446665,-0.052516147,-0.055131543,0.10168597,0.0042677564,0.043657057,-0.035225455,0.004169078,0.0037226793,0.017204331,-0.018062238,0.0014382381,0.04136171,-0.006789762,0.024729704
21,-0.054116957,-0.038132265,0.063886836,-0.023471056,-0.02076474,-0.025199985,0.013456921,0.043561365,-0.023670763,0.009109711,0.03506268,0.01982241,-0.014637033,-0.124954365,0.108416006,0.02263433,-0.0715004,0.099187866,-0.0042453767,-0.0030164083,-0.024004623,0.000654247,-0.014654815,0.075820394,0.04288844,0.09064309,-0.0052434215,-0.06880075,0.04790092,-0.041957024,-0.047471978,0.0007300223,0.07131832,0.039874014,-0.054002758,-0.022205962,-0.041264366,-0.06904324,0.052804504,0.015405314,-0.02726219,0.031538785,0.04868724,0.017488003,-0.023655362,-0.0001171267,-0.0067979908,0.033530224,0.013831574,-0.02854382,0.040700205,0.03500433,-0.035987843,0.009775998,0.019334901,-0.032175906,-0.00041310381,0.018594244,0.0872435,0.040966876,0.0024235982,0.046208695,0.06896035,0.018825566,0.013647225,0.03934614,0.09017114,0.020738253,0.042010218,0.015082338,-0.00616646,0.0676063
22,0.04164261,-0.0026825448,0.013681535,0.035208847,-0.03702852,0.077249825,-0.025281897,-0.07127663,0.013007489,0.025704063,-0.02281835,0.037466712,0.028311074,-0.038344786,0.022965804,-0.021279722,-0.048053548,0.028717507,-0.0029374429,0.006892503,0.01561487,0.020669708,0.016537968,-0.0035715923,0.0103895655,0.012275779,-0.034183566,-0.0034069738,-0.05581611,0.0135092875,-0.05505029,-0.040003825,0.011190596,0.012627475,0.038871657,0.011666154,-0.0052889194,0.07654653,0.017607518,-0.053758528,0.024402535,-0.05229206,0.0016036328,-0.0113668265,0.0041680206,-0.0041366075,-0.014436536,-0.0052650357,0.0018133774,-0.013527867,-0.051710904,-0.12560964,-0.02808966,-0.031231465,-0.063166425,-0.04878914,-0.020362562,-0.008260074,-0.015257532,-0.064267844,0.00030341817,0.0002016233,0.0010672411,-0.01317008,0.00068695354,0.0005190943,-0.0041264053,-0.030281715,-0.007812728,-0.0006710937,-0.008762344,0.0012633067
23,0.006208637,0.00845094,-0.056047395,-0.06388766,-0.053212114,0.024053082,-0.059276238,-0.033192296,-0.041031722,-0.030327654,0.022470647,-0.011303166,-0.027221542,0.012920093,0.035614472,0.0028680498,0.008676677,0.06591066,0.05234369,-0.009659627,0.00029576785,0.06092336,0.0516639,0.068452016,0.05031678,-0.029129758,-0.08644175,-0.05232234,-0.00470359,-0.00889285,-0.0676042,-0.026208403,-0.05507541,0.010043143,0.06352946,-0.0699149,-0.06732639,-0.044880144,0.012090929,0.026363747,-0.023744773,0.057604913,0.0022032894,-0.013285607,-0.018687328,-0.014918385,-0.05601346,-0.016759317,0.05253324,0.05054631,-0.029900435,-0.027177025,-0.0050059725,-0.03485072,-0.0044712033,-0.044756472,0.017749628,0.01933919,0.022195067,-0.015388656,0.0063425554,-0.06901557,-0.0010078214,-0.021632105,-0.051601127,0.026106322,-0.03674336,-0.0040583797,-0.028808748,-0.009351622,-0.11034591,-0.031889968
24,-0.04089042,-0.089420274,-0.020263825,0.01686779,-0.015790716,-0.0646737,-0.017490556,-0.05267801,-0.025495864,-0.057770427,-0.02998192,-0.035243396,-0.005649023,-0.03537667,0.025693497,-0.03148312,-0.023881672,-0.05469626,0.04840903,0.015952848,0.0041961037,-0.0032457113,0.03663898,0.007256186,-0.029530719,-0.006820999,-0.011991272,-0.06791739,0.017585566,-0.0435952,0.029727973,-0.035353154,-0.040812254,0.0063641155,0.010685694,-0.023289997,-0.021124283,0.030455658,0.021962015,0.0038701876,0.034958426,-0.0781563,0.024925606,-0.015004324,0.004805079,-0.030853186,0.06261292,0.00677363,0.017744232,-0.14049815,-0.021816859,-0.041588806,-0.020117436,-0.03148246,-0.008309842,-0.077117845,-0.025741594,0.0177936,-0.11745926,-0.08189356,-0.0522806,0.02677027,-0.035851657,-0.017945107,0.009592718,-0.06814691,-0.039217427,0.01465836,-0.017181255,0.031685237,0.012587813,-0.015018783
25,-0.0668896,0.036559302,0.09831343,-0.015239574,0.013713842,-0.09215437,0.02609622,-0.014827369,-0.032927327,-0.00622641,0.11818404,0.027965423,-0.0004996886,-0.038991604,0.023670914,-0.027381636,-0.0115421135,0.003707634,0.06639354,0.0041024657,0.014594225,0.006330246,0.06783221,0.024192693,-0.0032236783,0.004761784,0.07244119,-0.098673,0.050317317,-0.11130599,0.02958424,0.0010551213,-0.06587983,0.01148126,0.051645514,0.013447262,0.06400984,-0.0015469632,-0.06995585,-0.018046804,0.031840254,-0.023541486,-0.08552451,-0.08649265,-0.0018133739,0.030789925,-0.0030996134,-0.093752965,-0.004216647,-0.042701073,0.041303784,0.010556581,-0.022128673,-0.07076977,-0.012693533,-0.062601715,-0.04401932,0.000122069905,-0.024672713,-0.00035578015,0.07069719,0.051289145,0.06251554,0.03664687,0.041793812,-0.020172788,0.114152946,0.0005621793,0.019808473,0.03249069,0.044256013,0.047535904
26,0.06400248,-0.003807863,-0.082899526,0.08140649,0.082482204,0.12810935,-0.030548912,0.012579801,0.057788447,-0.011356884,-0.1408199,-0.0213855,0.02744601,0.0934881,0.0071329605,-0.0737673,0.08310683,0.052478243,0.036893964,-0.014680119,0.08264162,0.049896237,-0.027910976,0.050210353,0.046727743,-0.025303045,-0.02512805,0.05680021,0.023238292,0.038193885,-0.039683543,0.0036451742,0.0050843675,-0.0039154207,-0.03067239,-0.010749745,-0.077835076,-0.059163835,0.15373123,0.0140548255,-0.084413536,-0.0008153628,0.22923504,0.062305868,-0.06441855,-0.029221635,0.10358778,0.17905772,0.10927274,0.097689405,-0.11101173,0.026913717,0.11417125,-0.07380201,-0.10976956,-0.06133884,0.05942235,0.006887581,-0.0975786,-0.1332031,0.031150917,0.06112528,0.026931215,0.015883218,0.117248975,-0.09770842,0.007262606,-0.0014868462,0.028514411,-0.011703247,-0.043195073,-0.022474855
27,-0.056157794,-0.037219137,-0.073442474,-0.076763906,-0.03708168,0.029981991,-0.061008856,-0.012335076,-0.013665561,-0.006548636,-0.06285759,-0.03907088,0.010176367,0.0083586965,0.04377763,0.02768851,0.048290186,0.09101778,-0.013778965,0.0087491805,0.020712033,0.031899184,0.021577822,-0.021335823,0.010830406,-0.028743844,0.052811135,-0.036646098,-0.0025691227,0.037876666,0.04586229,-0.0060080825,-0.018265633,-0.027890166,0.0174706,0.025881592,0.045204137,0.024439678,0.07365161,0.08068665,0.0047698617,0.123943724,0.029606972,0.026784576,0.051007442,0.012509026,-0.010168276,0.073810756,0.0015666841,0.04963252,0.040138535,-0.033002425,0.032545026,0.017377403,0.05561222,0.028592518,0.054808468,0.0014624796,-0.004340912,-0.021268131,0.086226895,0.061047092,-0.018202327,0.015259933,0.017750012,-0.01808729,-0.010334148,0.012054872,0.03930132,0.03198498,-0.054818742,-0.003510114
28,0.060657866,-0.019058025,-0.11504172,-0.025493339,-0.0076839067,-0.013837544,-0.13721196,-0.03184756,0.026211452,0.008870852,-0.09960873,-0.13761587,-0.007243703,0.03832089,-0.08323041,-0.033049658,0.009508444,-0.017142294,0.00075113465,-0.048826504,0.005142633,-0.016181564,-0.0589082,-0.04942756,0.035723317,-0.024519859,4.208764e-05,-0.03629124,-0.008359072,-0.019458583,0.007716007,0.021785526,-0.045836255,-0.0023533208,-0.029008003,-0.037131142,-0.03806585,-0.010468838,0.020511849,0.014833611,-0.036611307,0.005599304,0.023097306,0.005857146,0.0016513407,-0.006096372,-0.047689967,0.038372435,0.07957072,0.0021670617,-0.1674606,-0.13196836,0.038860515,-0.027552618,-0.13466977,-0.04754224,0.012959753,0.049432863,-0.042490557,-0.14345357,-0.036852565,-0.044144817,0.016657135,-0.034089506,-0.043704525,0.054256972,0.03789783,-0.07389217,0.016649768,-0.022326795,-0.06916652,-0.010043751
29,-0.0050470363,0.02228159,0.023179851,-0.020043043,0.011676273,0.023495888,-0.011367398,0.06739364,-0.0034817182,0.012269127,-0.026498014,0.027804082,-0.082345076,-0.07338284,-0.025003867,0.005983385,-0.08121159,0.04181324,0.021500299,0.007294246,-0.040138125,0.025249273,0.048105422,0.04939345,0.047279105,-0.109594606,-0.075078525,-0.028850673,-0.010959927,-0.04090145,-0.05070375,0.014102139,-0.02678099,-0.0076183537,-0.08685731,-0.106595665,-0.021823052,-0.042962026,0.07090515,0.027565338,-0.03453844,0.12907158,0.06886757,0.007938145,0.03239648,0.024213085,0.09366956,0.09780208,0.027724598,0.016180327,0.0035779292,-0.021413626,-0.014061402,0.012294865,0.026340745,0.012095165,0.025698924,0.013689738,-0.02335585,-0.016292633,-0.023817204,0.025659163,0.12213699,0.06047615,0.01576122,0.08995095,0.08345067,0.029286375,0.0037636233,0.013135041,-0.009670705,0.12877557
30,-0.03200963,-0.033918988,-0.024562888,0.058063053,-0.010173173,0.011625933,-0.033755224,-0.061591614,-0.06704637,-0.018329754,0.08847437,-0.04473595,0.007449794,0.08322277,-0.021143066,-0.067711964,0.012699509,-0.05228506,0.015833115,-0.026304737,-0.0069513586,0.009768552,0.055691164,0.015673932,-0.016586002,-0.03520465,-0.001114274,0.008092184,-0.0057577477,-0.028504957,0.008071693,-0.058156654,-0.051950593,-0.038112804,0.01746252,-0.062121104,0.036261432,-0.005528916,-0.06424944,-0.04049513,-0.035648886,0.00907283,-0.059856016,0.007961491,0.033890694,-0.04959393,-0.015806675,-0.036972933,-0.015170258,-0.08201792,-0.07294543,-0.0151610095,-0.047755983,-0.022531059,-0.011204701,-0.05087092,-0.04390645,-0.0036586209,-0.0140676685,-0.019736607,0.022925602,-0.024130795,-0.045742508,0.037163265,-0.0155074615,-0.0031550007,0.010326444,-0.051571455,0.010161275,0.018391429,-0.06479361,-0.029796947
31,-0.004029734,-0.03923294,-0.08874418,-0.062264364,-0.032174993,-0.05313277,-0.13568245,-0.052578893,0.019988231,-0.015328213,-0.06618701,-0.14210379,0.048683476,0.031137718,0.0935058,-0.02649335,0.0027844766,0.04959157,0.09965932,0.011652782,0.017618572,0.0082788775,0.080153175,0.11367603,0.016839433,-0.00794055,-0.01938452,-0.071174614,-0.010076778,-0.08157587,-0.035504315,-0.007846675,-0.011516711,-0.0070398604,-0.02081629,-0.046604913,-0.0016035615,-0.01612184,0.0109732365,-0.04160865,-0.009179622,-0.06982963,-0.018774085,0.0017125981,-0.06443266,-0.04933011,0.00034233005,-0.0067226253,-0.022495098,0.038287986,-0.11350922,-0.031400964,-0.034876753,0.010944893,-0.018382635,-0.020306027,0.0051588896,-0.025616841,-0.0127657745,-0.058944773,-0.05626695,-0.055830624,0.015475049,0.008348736,-0.0683253,-0.014658836,-0.029885953,0.003953318,-0.04425328,0.001038274,0.034558456,0.004427444
32,-0.00895172,0.06950019,0.036693875,-0.01811005,-0.0009340388,0.04643345,-0.017106023,0.036869653,0.019441346,0.06365605,-0.0037415007,0.0054444512,0.011819047,0.01293525,0.022020327,-0.009372263,0.042252395,0.0328554,0.0310367,-0.02073588,0.04637068,0.0033068764,0.005000858,0.0241712,-0.019267019,0.03672751,-0.015786074,0.06284418,0.01141479,0.11199561,0.003309692,0.06371362,0.008530523,0.06764968,0.008165087,0.018704806,0.0417208,-0.014362588,0.0058933855,-0.016437992,-0.024016177,0.08057535,-0.014870073,-0.045377184,0.018788809,0.0024808792,-0.048068486,-0.04137636,0.020160766,0.06863319,-0.015380245,-0.066381216,0.029458597,0.0019725095,-0.011176851,0.0622589,0.005789834,0.016372463,-0.03632852,0.015843984,-0.007812298,0.059156965,0.06922005,-0.06546763,0.0013581502,-0.06556732,0.04740453,0.0018444756,0.003080845,-0.0025867647,-0.0072030025,0.005871688
33,-0.009350993,0.0052700504,-0.0855615,-0.032815047,0.021624837,-0.061934344,-0.050245803,-0.023159252,0.029313223,-0.003857511,0.012149116,-0.09157588,0.022468086,-0.026699934,-0.00843761,0.014277786,-0.027704416,-0.019477068,-0.011078335,-0.007308985,0.016901167,0.01011393,0.051704608,-0.00746551,-0.041413106,-0.03259418,0.030453112,-0.06485014,-0.0043034824,0.0031007298,0.035536505,0.04470758,-0.008510623,0.014479778,-0.013409226,0.033935435,0.05864027,0.05080593,0.08955896,0.061316527,0.038777206,0.088401325,0.050703675,0.013851595,0.045361187,0.030006092,0.058720905,-0.010654769,-0.008567206,-0.016463256,-0.04866817,-0.001562803,0.031909045,-0.064806685,0.044680778,-0.04550451,0.037989814,0.0009340894,0.015827488,0.016940976,-0.0077419393,0.011983282,-0.045476917,-0.005385949,0.0070211645,-0.04605599,-0.054149646,0.0009990036,-0.006142476,-0.007529707,-0.0071563628,-0.038366426
34,-0.065636486,-0.020517407,-0.010734602,-0.022289675,-0.018945023,0.01830574,-0.0044053243,-0.008576788,-0.036365084,-0.021562705,-0.025358398,0.001352011,0.027746983,0.03771746,0.08285777,-0.032174207,0.07023604,-0.005961868,0.042994108,-0.010086889,0.05495634,0.0076992353,0.02451747,0.026890662,-0.008565583,-0.003981761,-0.051294703,-0.010390073,-0.031328604,-0.06572446,-0.0562265,0.011308029,-0.030342637,0.014136644,0.039725244,-0.04272524,-0.005684912,-0.022404999,0.031197777,0.033173773,-0.05209598,0.023843039,0.05111684,0.03418863,-0.0063039684,-0.02334766,-0.009297414,0.06364529,-0.0053427974,0.01461172,0.04419223,-0.0042631966,0.018748457,-0.018084824,0.052181896,0.013491263,0.02755827,-0.020019097,0.0319158,0.0075977333,0.0015641409,0.052807596,-0.009593236,0.015295646,-0.0071087196,-0.049342006,-0.031324524,-0.009012951,-0.0021756485,0.006401642,-0.049196087,-0.0371884
35,-0.043160856,-0.066411465,-0.0341652,-0.016630277,-0.05045508,-0.063335635,-0.016234763,0.0017358348,-0.0574441,0.006793449,0.027879855,-0.0020588604,-0.0057476973,0.024567483,0.037317947,0.014774097,-0.002120296,0.038945694,0.015988357,0.0015377396,-0.009352029,0.009261236,0.05090392,0.012216752,0.009327774,0.0065418924,-0.13081382,-0.005545517,0.024012389,-0.035559956,-0.10608004,-0.032281205,0.00019830471,0.054655664,-0.08802205,-0.16770555,0.021789609,-0.05809589,-0.026533682,0.0029588963,-0.0023210212,0.032898042,0.010620262,0.069811866,-0.023089236,0.0096004,0.020711964,-0.020608703,0.03367135,0.039198127,-0.07450184,0.044517796,0.07104543,0.02624461,-0.072944514,-0.008518002,0.052212276,0.07961411,-0.021581369,-0.07439457,-0.07110139,-0.0036483502,0.034440454,0.078882925,-0.015636751,-0.00897918,0.017451566,0.013247704,0.0022372128,-0.020123279,-0.042759567,-0.013701788
36,0.0054307915,-0.08085486,-0.0522323,-0.0028580348,-0.033119723,-0.055267055,-0.033197556,0.0066606854,-0.034024734,0.021978443,0.0032590465,-0.028110275,-0.017477838,-0.022826837,0.0031868927,-0.03709422,-0.018365137,-0.077185035,-0.037912644,0.01893779,-0.03514544,-0.06562317,0.10035867,0.034354463,-0.055011913,-0.007821873,-0.04587286,-0.072815634,0.027939007,-0.050890796,-0.014227683,-0.01754031,1.6723236e-05,0.03602684,0.009710829,-0.008553567,-0.032718156,0.010252248,-0.095071554,-0.044704042,0.013821079,-0.098365806,-0.010780358,-0.06369137,-0.02640849,-0.05180501,-0.0358064,-0.038572848,0.018965403,0.0143055115,-0.013166162,0.06383184,-0.0022815475,0.0022701593,0.006230275,0.02629374,0.032283768,0.01776283,0.054554965,-0.0020138598,-0.05360362,-0.002819335,-0.022433527,0.025968762,-0.0463868,-0.060304202,0.014176755,0.0060881143,-0.053313326,-0.030139107,0.02762521,-0.00881564
37,0.0091745425,0.094303824,0.06868575,0.0025666307,0.07015867,0.003419554,0.112376824,0.015415187,0.013285482,-0.0107289925,0.035278022,0.07815908,-0.017919255,-0.024240373,0.024221094,-0.03630458,0.0030904138,-0.10500079,-0.005275854,0.0060250424,-0.015888572,-0.011590214,0.045044158,-0.019255245,-0.077103354,0.04549569,0.023081342,0.07096974,-0.010305741,0.05376399,0.020988263,0.024754921,-0.04561708,-0.04730344,-0.033191398,0.02999563,0.03752772,0.09641765,0.020784738,0.0040907674,0.03807867,-0.033436906,-0.019248802,-0.015466618,0.067493185,0.0357089,0.009236287,0.035651337,-0.02646555,0.05351649,0.09794272,0.10938643,0.06314124,0.035418805,0.105423495,0.027118241,0.005250452,-0.0048954496,0.008497222,0.097661346,-0.038436044,0.020903768,-0.00097062165,-0.0011531303,0.022740414,-0.06996511,0.033186782,-0.013193121,-0.006804507,-0.002204685,0.1196239,0.013221889
38,-0.063463956,-0.103449285,-0.120151326,-0.076730974,-0.060714718,-0.1373005,-0.043687362,-0.052780923,-0.06324854,0.007041412,-0.07677119,0.00044272954,-0.15178591,-0.07949617,0.046460953,-0.065686144,-0.062942594,-0.09889956,0.08007723,0.0019818863,-0.08263229,0.020232903,-0.0045704097,0.06911357,-0.09181856,-0.071339674,0.0062234215,-0.05075345,-0.09820194,-0.084301114,0.04846309,-0.016289301,-0.06696069,-0.012671171,0.013052079,0.03859968,-0.023817657,-0.09202864,-0.013604199,-0.085014135,-0.023076735,-0.03693471,-0.0046313154,-0.002169075,-0.015089064,-0.0036084813,-0.07476765,-0.00072782877,-0.05435208,-0.007750862,-0.036394548,-0.018468544,-0.04190769,-0.08653667,-0.034332544,-0.013458146,-0.021315377,-0.011911075,-0.09100432,-0.04205949,-0.13077986,-0.08466539,0.22289659,0.030595992,-0.12062703,0.005075829,0.20191672,0.07080963,-0.095183946,-0.058576465,0.25798604,0.21366657
39,0.04007097,-0.028194528,-0.03414583,-0.0047401907,-0.0051107607,-0.044253785,-0.0674865,-0.027191294,0.044432893,0.013953901,-0.012386329,-0.05319364,0.03363179,-0.03285959,0.031099714,-0.026622048,-0.009991778,-0.008066568,0.008636706,0.009697438,0.02320758,0.0028236662,0.041947607,0.010202559,0.07723105,0.0047870795,-0.05030162,-0.04209293,-0.026378432,-0.07897168,-0.004430078,0.037459847,-0.012856358,-0.027041327,0.010742625,-0.01946456,0.03139612,0.014732029,0.02041303,-0.01954844,-0.0006229356,-0.040805623,0.0070829405,-0.013572093,0.023067685,-0.010072317,0.029065778,0.043522313,0.059947524,-0.026306152,-0.05395775,-0.03198011,-0.008317401,-0.054424975,-0.004055457,-0.010676408,0.023719857,-0.030607847,-0.056684975,-0.07228106,-0.003108266,0.06913544,-0.039740324,-0.023395266,0.048016828,-0.03920644,-0.040816367,-0.008864981,0.009495638,-0.0424561,-0.046921883,-0.031739496
40,0.010746882,-0.050501425,-0.1200596,-0.036690395,-0.009518801,-0.015917964,-0.1162164,-0.025811335,-0.014095858,0.04488675,-0.08574502,-0.12640224,-0.07368575,-0.0020559486,0.07217423,0.02907279,0.021650622,0.050508473,0.07856942,0.048443045,-0.0002805128,-0.01945211,0.071768455,0.08278918,0.05798368,-0.041564304,-0.1676651,-0.035587378,0.002607604,-0.028482763,-0.09665141,-0.035195265,0.011645255,0.03942023,-0.035068195,-0.12289074,-0.014156243,-0.025396904,0.040804647,-0.050458305,-0.0069593936,0.011010793,0.023174005,-0.018836884,0.02254223,-0.0064313924,-0.0038518598,0.043475367,-0.046402235,-0.023345778,-0.040594034,-0.07861694,-0.018439101,-0.027283492,0.007964262,-0.022501374,-0.010545481,0.008518992,0.07395803,-0.03368283,-0.029231833,0.03956297,0.016393298,-0.004635304,0.0125882635,0.05770673,-0.02846412,-0.032050133,0.032524846,-0.028727284,-0.0708227,0.009854209
41,-0.011804409,-0.071107954,-0.032399893,0.03861727,-0.032778837,-0.0059910635,-0.014245093,-0.024039358,0.004499813,-0.035527553,0.116849616,0.037477653,0.035860747,0.010291554,0.06902248,0.07119196,0.023634221,0.05842315,0.09975699,0.03105223,0.04807393,0.046128068,0.03508964,0.073327005,0.08411914,0.038232565,-0.007413019,0.004926464,0.050593182,-0.04762005,-0.05869927,-0.0055128015,0.006117977,0.016823232,0.0092392685,-0.042212933,-0.007765431,0.009991753,-0.03936059,0.0029606693,-0.026868539,-0.0012586997,-0.0101664765,-0.0046670875,0.016342985,0.0193059,-0.013199809,-0.01902784,-0.0018293888,-0.052785065,0.0045718243,0.022725606,0.0084358025,-0.020222323,-0.0049369987,-0.050359085,-0.022786828,0.047739018,0.050844483,-0.021544116,-0.03377363,0.036041323,-0.04729949,0.024764678,0.029168794,-0.007962673,-0.010191127,0.04292147,0.015465715,0.013032309,0.027109705,-0.035447624
42,-0.0070441845,-0.047376655,-0.07937451,-0.056374915,-0.010467266,-0.039512742,-0.08509599,-0.02129695,-0.010227721,0.03317459,0.017155366,-0.096881546,0.013328862,-0.019086773,-0.034458563,-0.0051704645,-0.0024666851,0.024355823,0.001828784,0.04432953,0.012718565,0.029943684,-0.037420735,-0.028393038,0.0635588,0.035932336,-0.0127304,-0.051109783,0.036784038,-0.09102956,-0.021368358,-0.022185344,0.011417382,0.01403802,0.006874794,-0.045847394,0.045688566,0.0556309,0.103735976,0.03714649,0.0072841654,0.070324026,0.10210905,-0.011401098,0.015197764,0.01908296,0.10808381,0.054130238,-0.0037580433,-0.010946945,-0.0075593116,-0.054356672,0.06617431,-0.0876986,-0.043824174,-0.008515963,-0.014369576,0.038333546,0.061627876,0.0025934014,0.046359256,-0.008588243,-0.0048162825,0.043982163,0.013969442,0.034285508,0.05029711,0.030149305,-0.004080125,0.005980712,-0.0034260338,-0.0045833313
43,-0.06544932,-0.051163644,0.05963371,0.12178585,-0.008633273,0.032791328,0.078849494,-0.0042619836,-0.024743514,-0.015299277,0.07263723,0.06450418,-0.035808012,0.037741013,-0.011752633,0.05707057,0.0022205971,-0.0086817965,0.012399768,0.011787041,-0.015344012,0.016669465,0.04522538,0.04837718,-0.02160377,-0.06453962,-0.023132857,0.048930246,-0.017317917,0.0049685957,-0.031560417,-0.01653499,-0.03594476,-0.012638922,0.07643674,-0.0021845766,-0.046332415,-0.052364018,-0.03941221,-0.027892167,-0.035163056,-0.07409965,-0.026545044,0.03799869,-0.025624402,-0.018736152,-0.054140333,-0.023956265,0.005300737,-0.01111258,-0.086446896,-0.0055447454,-0.0076454356,0.037125353,-0.057872124,-0.042199988,0.018780036,0.049794096,0.010655241,-0.03860898,0.009324031,-0.036816027,-0.03726519,-0.04124204,0.034164988,-0.017622612,-0.005170075,-0.011768877,0.029371802,0.011468484,-0.029143669,0.013037587
44,0.030350717,0.0017309932,-0.01599164,-0.004492792,-0.005101452,0.043456156,0.03070027,0.0042292653,0.03192898,0.037128553,0.03469839,-0.042050336,-0.061123166,-0.022295633,0.040681794,0.02628502,-0.006054975,0.049523707,0.002740904,0.025059925,-0.03263354,-0.028715625,0.006195651,0.041571647,0.034219872,0.028371023,-0.04085717,0.00030505596,0.00050962734,0.09516655,-0.0065368,0.007400304,0.03797499,0.058848705,-0.035346974,-0.009661742,-0.030891875,0.010228982,-0.022786893,-0.0071690525,-0.016104778,-0.09579588,-0.0021962442,-0.021278413,-0.009980557,-0.053662766,-0.06039824,-0.014641506,0.020294782,0.014012301,-0.03464762,-0.027928013,0.050586678,0.02377428,-0.022433268,-0.022495214,0.03374348,0.037176944,0.0031206384,-0.024947543,-0.046070762,-0.05351111,0.09718536,0.0069311224,-0.013993434,0.0738252,0.09998677,0.07198787,-0.026191631,-0.011093792,0.16207342,0.09377557
45,-0.0039016437,-0.017892733,0.045069702,0.01504233,0.032292407,0.06786312,0.06700433,-0.00075525726,-0.0057058763,0.018316591,0.02304648,0.080432735,-0.0105474545,0.0049218535,-0.07057901,-0.0567416,0.02948266,-0.024594318,-0.106643364,-0.011670445,0.02613199,-0.02436878,0.08012848,-0.07780818,-0.013158898,-0.039871834,0.0017461479,0.056767836,0.03845727,-0.023232268,0.026698533,-0.0043501463,-0.0073217615,-0.008884961,0.08470432,0.03121372,0.040973704,-0.0049713985,-0.030074561,-0.0065247174,-0.027348852,-0.0048586656,0.01916239,-0.0007484781,0.019299291,-0.032969963,0.032420617,-0.028477155,-0.10906899,-0.030199759,-0.014477336,-0.01762775,-0.074068226,0.02721152,-0.027525252,0.03193376,-0.06006964,-0.03793562,0.044063196,0.016077332,-0.009275681,-0.024409499,0.062221713,0.048047274,0.009789171,0.023099761,0.08175773,0.030239949,0.035567425,-0.028775575,0.04515937,0.056574885
46,0.007180061,-0.067414895,-0.14733215,-0.06475158,-0.038992915,-0.00043347225,-0.12155246,-0.05578961,-0.06536163,-0.09090019,-0.16539611,-0.20161544,-0.0948669,-0.004135293,-0.054760333,-0.08531589,-0.019627182,-0.11967314,-0.016353399,-0.02014967,-0.05964884,-0.030989684,-0.0968894,-0.041490525,0.01779871,-0.017004287,-0.14687917,-0.09319388,-0.021000613,0.0009989103,-0.13211377,-0.09971961,-0.0073715462,-0.059239477,-0.22721916,-0.17934321,-0.13032007,-0.16112658,0.28116032,0.07232377,-0.18192682,-0.011596872,0.23686674,0.10650902,-0.14672537,-0.06367221,0.40147504,0.29234204,-0.057145115,0.012229198,-0.052804075,-0.08139858,-0.02454209,0.03615288,-0.033863917,-0.06482701,-0.02607021,-0.037463762,-0.032811888,-0.02960524,-0.08036253,-0.06921321,0.057161923,0.011102966,-0.1034471,0.034354605,0.045532,-0.02317316,-0.07570375,-0.031705637,-0.039650846,0.069530964
47,-0.0070458795,0.013139517,0.011323516,0.025470693,-0.010572119,0.06012484,0.008849052,0.03217911,-0.030384427,-0.02646762,-0.019074071,0.03270128,0.03625416,0.002934547,-0.030237863,-0.03504965,0.010725095,-0.08492461,-0.084553815,-0.033661254,0.00590484,-0.0020379482,-0.008000731,-0.05279477,0.022247871,-0.035692863,-0.10316957,0.036735296,-0.023647605,0.07509336,-0.080728374,0.0041863187,-0.029631725,-0.037068453,-0.05462245,-0.10432383,0.0022709295,0.020303387,0.010180165,0.03262447,0.008351292,-0.034652013,-0.0049723615,0.008301155,-0.009613822,-0.000576156,0.038543995,-0.0033058526,0.03375128,-0.028064886,0.057973575,0.042229384,-0.01605057,0.05271011,0.061597478,0.073843874,-0.026082816,-0.043574527,0.01047787,0.03210598,-0.020041192,0.006265533,0.025370728,-0.01286678,-0.037635982,0.00046207177,-0.011370635,-0.029582456,-0.0067581967,-0.009772918,0.059770204,0.024791079
48,-0.11423174,-0.04920006,0.023975039,-0.010303935,-0.0135840885,-0.06499089,-0.042218547,-0.0038946723,-0.018948521,-0.0027270473,-0.0053629735,0.026592746,-0.015774067,0.03419996,0.081091255,0.017447658,0.033526193,0.087168306,0.009626908,-0.0054195775,0.0227896,0.014179673,-0.006694815,0.04274915,-0.035079695,0.0005501874,-0.083269574,0.059800792,-0.013302468,-0.116309896,-0.03217873,-0.016404048,0.001072189,-0.036974173,-0.032185443,-0.04825971,0.014630864,0.03759696,-0.009621076,0.07269084,-0.024279341,0.031980496,0.050140623,0.081927106,0.05346822,0.05368194,0.11879142,0.073446296,-0.06332724,-0.030465832,-0.041564275,-0.023577113,-0.02099039,-0.0012412437,-0.008289197,-0.039102428,-0.028918723,0.0016645641,-0.04246303,-0.012383703,-0.03595226,-0.07481008,-0.026847776,0.03227253,-0.04577519,-0.026364539,0.042327307,0.04010777,-0.036118798,-0.057293374,-0.015141494,-0.015714956
49,0.019751372,0.063427605,-0.006488004,0.004895922,0.0069427714,-0.017441195,0.03675236,0.010982024,0.014961398,0.020956324,0.034185827,0.02493255,0.059312455,0.012243426,0.05473168,0.060312945,-0.0016854313,0.05169362,0.058022942,-0.0021080668,-0.0078027397,-0.0060907835,0.036996365,0.07287641,0.112932965,0.08300369,-0.04681979,0.014663592,0.092420466,-0.009687513,-0.016917754,-0.0018507335,0.036382724,0.02477738,-0.0011445632,0.0066827983,0.117942676,0.123316,0.01833939,0.021114487,0.05652196,0.042468112,0.011977853,-0.005142741,0.05312004,0.018104855,-0.0858148,0.024023354,-0.004772171,0.033640053,-0.017179793,-0.07116922,-0.03417227,0.02355198,-0.037187796,0.0026026627,-0.00046375926,0.033148542,0.064338006,0.0063304296,0.051208183,0.055787493,-0.0501798,-0.0035969366,0.033102494,0.00766113,-0.03355167,-0.037398156,0.011406835,0.05317993,-0.07792608,-0.03260945
50,-0.06218031,-0.11039876,-0.094487034,-0.104412325,-0.12802163,-0.03691834,-0.06709504,-0.031164646,-0.023611603,0.021117209,-0.1363187,-0.13905719,-0.071006745,-0.039931886,0.055917438,0.0452054,0.00841035,0.0098159565,0.086266026,0.03356877,-0.0053565763,0.004179474,0.021961315,0.02088539,-0.029208083,0.033165492,-0.09323086,-0.17909731,-0.037750028,-0.09972538,-0.11865062,-0.09875185,-0.020997016,-0.0028952903,-0.08255417,-0.10714497,-0.033523113,-0.028092556,0.06419179,0.026091741,-0.024118526,0.029314421,0.11588168,0.016653134,-0.0044986974,0.0018072345,0.016330387,0.060549024,-0.019239407,0.008021583,0.065858565,-0.06451397,-0.033099387,0.027091142,0.013188355,0.0024717578,-0.011296602,0.008470192,-0.04430598,0.05098846,-0.010558103,-0.023708707,0.052091315,0.080629304,-0.02126771,0.08020595,0.032738533,0.033341028,-0.011098665,0.0093378285,-0.09618875,0.047354043
51,0.04320537,-0.03380254,-0.027947223,-0.14614685,-0.012052793,-0.052489776,-0.09694703,0.008678255,0.020179838,0.061052386,-0.05398474,-0.09566424,0.02716498,-0.007300689,0.042020284,-0.017950963,-0.036212977,0.089756876,0.06574767,0.041107036,-0.0008749928,0.01894023,0.054316808,0.04665401,0.022691447,0.08412315,-0.039871443,-0.12309482,0.013653318,-0.05723343,-0.049638003,-0.05019068,0.049942978,0.10592541,0.0011026555,-0.04176187,-0.06477911,-0.11264529,0.18350536,0.107528,-0.09677457,0.10864487,0.17755665,0.02561846,-0.06390219,-0.0076237656,0.08811295,0.17381413,0.051360622,-0.009362991,-0.051736355,-0.11252642,0.04299381,-0.0077697993,-0.055147164,-0.034231678,-0.014118896,0.03456611,0.03637514,-0.029084567,-0.005330802,0.027354363,0.19955327,0.097410075,-0.012727164,0.059277546,0.15378089,0.08631575,0.008726065,0.016223611,0.13789837,0.17323704
52,0.021416152,0.000657816,-0.07297621,-0.030655488,-0.0021760277,-0.041228738,-0.03554297,-0.031060072,-0.030166917,-0.04798667,-0.01790187,-0.0428699,-0.023476077,-0.009200075,0.06504314,0.08389525,-0.026841901,0.0346099,0.085723944,0.051737633,0.0115744965,0.015852874,0.043237418,0.06434633,0.07154109,0.056583513,-0.07678941,-0.038677298,-0.006117293,-0.03428004,0.002809854,0.007879767,-0.03487685,-0.034802258,0.014892137,-0.07892307,0.024776615,-0.025564687,0.05305523,-0.038864933,0.062265914,0.0063206987,0.018379109,0.0073007653,0.06810704,-0.013456063,-0.09275961,0.058700603,-0.048384223,-0.03320538,-0.046561524,0.018409295,-0.054508153,-0.07362552,-0.014483499,-0.07220919,-0.030552251,-0.0029309562,0.0010426652,-0.0317217,-0.13044252,-0.05317918,0.021392314,-0.02981764,-0.068694,0.06195065,-0.0025742739,-0.0024109837,-0.020552507,0.05740061,0.01275211,0.025562232
53,-0.041990828,-0.019001292,-0.09396549,-0.048389096,0.016628703,0.06271309,-0.05723189,0.036665753,-0.029335046,-0.03836553,-0.092578046,-0.081270404,-0.039957974,-0.008174789,0.0106415935,-0.0055654785,-0.021879902,0.021717621,-0.0028436093,0.034818638,-0.021710955,0.052503593,0.072854035,0.036342256,-0.019989569,-0.010244364,-0.07396559,0.016321562,-0.021037191,0.0009824465,-0.05861813,-0.011611169,0.010595509,-0.009266323,-0.10291083,-0.10637746,-0.07691282,-0.00033443244,0.045517907,0.09088393,-0.018035026,0.032486416,0.1305656,0.042846855,0.011527124,-0.021668328,0.080799125,0.06049003,-0.08108976,-0.030632814,-0.035848055,0.010209005,-0.022894278,0.02053894,-0.029123465,-0.008934625,-0.017164513,-0.08166797,-0.01664152,-0.015340566,0.02453622,-0.02616603,0.10244507,0.017553633,-0.03551741,0.08514551,0.059700925,0.005304368,0.0033238404,-0.0057347426,-0.006622692,0.07050711
54,-0.010405512,-0.028979434,-0.14642246,-0.08023427,-0.021923963,-0.058099367,-0.15589626,-0.062103406,-0.02258487,0.03205675,-0.048109587,-0.16380067,-0.08412558,-0.0033639802,0.008069217,0.013437713,-0.020725297,0.031741556,0.037444256,-0.05224168,0.00025236138,0.018760426,0.07876484,0.044318244,0.0038450956,-0.021060234,-0.10441873,-0.08664087,-0.060361706,-0.0970357,-0.118258744,-0.025065962,-0.02478894,0.047943063,-0.057178654,-0.055757336,0.024666796,0.016168684,0.0026614428,0.018538184,-0.014862585,0.04111132,0.035019275,-0.036700524,0.04697266,0.022680396,-0.09997764,0.0020206256,0.030749733,0.08053677,-0.15383722,-0.060953937,0.06382645,-0.09418413,-0.14069006,-0.043794293,0.04082377,0.060116913,-0.057821684,-0.119292535,-0.044009198,-0.019305995,0.0140394,0.014536358,0.017417781,-0.015907349,0.072543785,0.0128257945,0.0036267093,-0.014903811,0.0031113848,-0.042393055
55,-0.08397717,-0.00949379,-0.025717897,-0.048008,0.035132237,-0.056265995,-0.023162289,-0.02242786,-0.0044140397,0.037668787,-0.0037480525,-0.08044496,-0.031159064,-0.013530966,0.051546827,0.053372175,-0.020679511,0.058744602,0.022076834,-0.033332642,0.01699632,0.0103623485,0.03447548,0.026356567,0.020626454,0.0012073942,0.02049479,-0.027623959,-0.023338152,0.008102105,0.043325394,0.010243811,0.002633116,0.021614062,-0.015500113,-0.0095962845,0.074148506,0.013355399,0.0018293889,0.0038203376,-0.0015174529,0.02428353,-0.02085992,0.0048746048,0.024761016,-0.0013622158,-0.035790477,-0.034108657,0.0110748885,-0.0030659772,-0.0056326725,-0.022204889,0.007458262,-0.038727626,-0.009426924,-0.044692855,-0.010700499,0.00072544557,0.044874746,-0.015026552,0.013482237,0.0067302613,-0.023887053,-0.047750354,0.013252853,-0.009589886,0.008018783,-0.013195096,0.034785375,0.0032910248,-0.011272205,-0.041186724
56,-0.07511731,-0.02902952,-0.011753109,-0.04662202,-0.03520508,0.00814351,-0.04931173,-0.031856034,-0.020286571,-0.011484862,-0.012476438,-0.041742794,-0.057815704,0.005337118,0.013582011,0.04054003,-0.001078805,-0.0006688257,0.0010691488,0.014788223,-0.014979556,-0.012082424,-0.011343506,-0.0049474514,-0.09458845,0.025196671,0.075248115,0.056948543,-0.0156019265,-0.005086113,0.0419047,0.023223419,-0.012188662,-0.037325464,-0.0073661203,0.01104836,0.04558644,0.029349068,0.014345913,0.024228498,-0.04824008,0.02791176,0.035420477,0.016576057,0.011020028,0.0018673711,-0.009979261,0.02394869,-0.02442713,0.012406912,-0.03894837,-0.111260794,0.028123343,0.039944537,-0.0962527,-0.035781726,-0.0003183209,0.004749065,-0.09022675,-0.09491826,0.016574174,-0.022791702,-0.035515573,-0.075744756,-0.027534582,-0.027007658,0.012773117,-0.03472233,-0.038820438,-0.006749226,0.016368663,0.0299743
57,-0.013345116,-0.023757696,-0.06486899,-0.061318632,-0.020928351,-0.11533067,-0.0382522,-0.06572447,-0.022236217,-0.015928598,-0.04254811,-0.0454738,-0.024442246,0.005809636,-0.0398399,0.057294298,-0.029018726,0.008443975,-0.0015000505,-0.024311475,-0.0028612104,-0.014183428,0.09262642,-0.030671125,-0.03709319,0.00050256087,-0.028419852,-0.06942621,-0.061010342,-0.06589094,-0.06748111,-0.04674195,-0.04027947,-0.039977357,-0.036093388,-0.020379959,0.028164107,-0.04298247,0.029842924,0.052080926,-0.00978536,0.03883785,-0.0027870517,0.0010757026,0.009548493,-0.008050295,-0.025721556,0.010758827,-0.07586977,-0.012202295,-0.0236198,-0.05640678,0.030117923,-0.06440672,-0.05810694,-0.025723003,-0.014556285,-0.035019085,0.041505713,-0.031018224,-0.040615793,0.007866468,0.09555632,0.008673123,-0.013013421,0.0068795295,0.08114742,0.0023576417,0.041006234,-0.013660393,0.13584583,0.11504554
58,0.0031157858,0.027260866,0.0065106945,-0.04582548,0.01607515,-0.0069422806,-0.020500861,0.0064651445,0.031926036,-0.0034113217,-0.024046931,0.007999569,-0.0069243405,-0.03989863,0.014765516,-0.06149341,-0.021479528,-0.016245905,-0.016797705,-0.0072321515,-0.042293493,0.010290984,0.07389633,0.03437281,-0.006078222,0.07933269,0.05571798,-0.022022601,0.027254386,0.04076387,0.066213414,-0.02011204,-0.007407754,-0.018681401,0.07939061,0.066991895,-0.07259483,-0.0964691,0.01306916,-0.040016025,-0.057748906,-0.016572876,0.04336682,-0.035709135,-0.06825734,-0.04525717,0.017262133,0.06524318,0.08407798,0.03961124,-0.036233652,-0.028971668,0.041630287,-0.041677415,-0.0060446565,-0.0018520745,0.019101605,0.05236191,-0.0022360154,-0.038203046,-0.013336681,-0.032462,0.13267453,0.07944675,0.02985557,0.0019367727,0.12677328,0.06388282,0.02055266,0.0027559067,0.21956901,0.13552655
59,-0.008563215,-0.0375269,0.01641756,-0.023400906,-0.0057894518,-0.008048048,0.0013034396,0.032650005,-0.031925686,-0.020694265,-0.0696405,0.038423393,0.03419636,0.006374248,0.028008953,-0.019543221,-0.004441851,-0.010581575,0.018727155,0.0062499573,-0.013291706,-0.020913454,-0.06278124,0.0050009843,-0.004559322,0.054145113,0.039978944,0.011013826,-0.0032906428,0.039681427,0.020234274,0.034765273,-0.009478038,0.0040784604,-0.045788128,0.052051786,-0.023233136,-0.051455572,0.12455429,-0.005993386,-0.08357107,0.11083279,0.041245352,-0.0068046586,-0.022768112,0.07001318,0.0601249,0.0779812,0.04867037,0.0050877836,-0.043947488,0.00355479,-0.008598464,-0.011930816,-0.026341936,0.01596097,0.019132163,-0.041929018,-0.156717,-0.046483364,0.013786859,0.012771162,-0.012415853,-0.021402376,0.01888691,-0.03166975,-0.021867981,0.014115853,0.0071338317,0.010855879,-0.06315134,-0.015973741
60,-0.0012813696,-0.016064867,0.03690646,0.014872167,-0.02045466,0.025179096,0.028365856,-0.0040838853,-0.0050744214,-0.0061764256,-0.038579904,0.03311612,0.022625715,0.019871704,-0.033478253,-0.0069504348,-0.039313156,-0.01106007,-0.028576406,-0.029017348,-0.008828179,0.0046792966,-0.023865364,-0.060449492,0.015993683,0.06915573,-0.05219633,-0.044047188,-0.007899761,0.07176378,-0.11262895,-0.066751726,0.05750626,0.02959287,-0.1527122,-0.07762127,-0.01649967,-0.057909034,0.012708076,-0.021906806,-0.050622974,-0.011469272,-0.017460722,-0.0019824312,-0.031841595,-0.02696353,0.0045451075,-0.014981057,-0.037097376,0.07671946,0.024858475,-0.025488364,0.03039818,0.009802123,-0.03081941,0.0013898129,0.023570571,-0.0051592896,0.036579467,-0.013514455,-0.054690506,0.006477674,-0.055456217,-0.049050644,-0.032950383,-0.018765742,-0.089254975,-0.059974436,-0.01705028,0.018528268,0.00069543126,-1.3625967e-06
61,-0.01864095,0.0033279108,0.018709937,-0.08239302,-0.036335003,-0.010244681,0.0033542812,-0.021421144,-0.055033028,-0.0385471,0.03727258,0.02092158,-0.0005631537,-0.0047910195,0.017304838,0.018834913,-0.026038526,-0.06707126,0.012545607,-0.016046977,-0.0017920821,-0.00097593677,0.04948737,-0.017167302,-0.0158119,-0.046167023,-0.010530675,-0.11569595,-0.012597629,0.012531906,0.011025554,-0.036906403,-0.03245726,0.004784723,-0.0021392752,-0.017710019,-0.02636594,0.016483787,0.025862373,-0.035304192,-0.0012543731,0.012870147,0.010609281,-0.05559103,-0.010844675,-0.036076866,0.0070433915,0.013249659,-0.008306966,-0.021517817,0.03907075,-0.018393267,0.0034839502,-0.05528727,0.044102337,0.0029346277,-0.014038151,-0.04359496,0.012576473,0.05750074,0.056163996,-0.008836179,0.031275757,-0.037337277,0.029578537,-0.088390894,0.035505764,0.007354235,0.016499668,-0.010694533,0.076836,0.055563357
62,-0.05916205,-0.0502838,0.01977621,0.043478083,-0.0049935696,0.03601316,0.038303602,0.02891175,-0.025502397,0.02103494,0.010595052,0.08023442,-0.01373563,0.03298089,-0.0021271037,0.029797876,0.045310743,0.030015256,0.019241959,0.05092436,0.060214996,0.029107342,0.019313749,0.015114229,0.09680062,0.05635292,0.004516621,0.07297072,0.012008265,0.099634744,-0.03437697,0.009873019,0.05955723,0.025882786,-0.1014961,0.0061689545,0.10627184,0.12724443,-0.043910194,-0.01473266,0.084845096,0.012081473,-0.057593442,-0.017995216,0.09000327,0.024857111,-0.07559775,-0.0077918917,-0.012921905,-0.06972881,0.07841541,0.07438412,-0.04120543,0.09842881,0.030678034,0.036549423,0.022226855,-0.0077957436,0.05284971,0.07902241,-0.0860853,-0.033042427,0.13833994,0.051308874,0.029188246,0.093766935,0.08717079,0.030039174,-0.005416522,0.038388096,0.15960841,0.14849462
63,-0.038645167,-0.056598164,-0.0317253,0.044038016,0.00017734522,-0.060790434,-0.09102645,-0.07217645,-0.023788199,-0.0024149588,-0.02702604,-0.05892615,-0.005337896,-0.0040133875,-0.07829138,0.015956443,0.016952617,-0.043191236,-0.081338376,-0.027238943,-0.01814031,-0.01939997,-0.034245253,-0.07003154,0.0038729366,-0.07410791,-0.15247288,0.019125758,-0.027605837,-0.052773084,-0.116494454,-0.06601326,-0.021513317,-0.062240988,-0.11885225,-0.20158048,0.030471226,0.0074950582,-0.010723884,0.034210626,0.05603523,-0.036308583,-0.001885844,-0.006605689,-0.009453261,-0.015352116,0.0692888,0.058925126,-0.06383011,-0.06965204,-0.025044877,-0.028754376,-0.078919865,-0.028233146,-0.040187567,-0.032634664,-0.012921026,-0.032663576,0.09955992,-0.03772203,-0.0739428,-0.06857387,-0.025566673,0.044497952,-0.05467639,0.024369434,0.056852113,0.065702006,0.00212947,-0.020691715,0.035986256,-0.04245461
64,0.0049766675,-0.043052386,0.015522977,-0.022007652,-0.023049122,-0.008252354,-0.020620093,-0.0072932,-0.00822984,0.025629481,-0.058084,-0.04886279,-0.027426895,-0.0491886,-0.005349539,-0.003743486,-0.0020664323,-0.034095585,0.028865393,0.011956788,-0.029871417,-0.019888276,-0.015616916,0.019543914,-0.035928056,-0.052591998,0.039145723,-0.017610349,-0.035163853,-0.06805768,0.03436337,-0.040768377,-0.009676115,-0.056860168,0.014406828,0.03979338,0.025929928,-0.07707429,0.03197571,0.024453467,0.014784803,-0.015461022,0.023088435,-0.013062925,0.0141111165,0.0046066986,-0.07045113,0.021715103,-0.1453185,-0.08846781,0.023914652,-0.012801145,-0.054743405,-0.07254163,0.018401613,0.024902929,-0.04418683,-0.041239843,0.07641,0.004412015,0.007892368,0.02335469,0.03842492,-0.060290292,0.015781311,-0.032631725,0.017957259,-0.052542184,0.025712354,0.004782182,0.041564457,0.054900907
65,0.050540444,-0.03957014,-0.12287076,0.006500897,-0.011728054,0.022067806,-0.070728555,-0.047595594,-0.019275026,-0.013524548,-0.02153873,-0.06546608,-0.009989822,0.006212495,-0.038609337,-0.011227391,0.0052084546,-0.06411133,0.0037857578,-0.015914707,0.0038550298,0.007586467,-0.008347567,-0.055068534,0.012742755,-0.02402857,-0.07644769,0.008181849,-0.024124362,0.057162624,-0.06366092,-0.030970735,-0.0029979977,-0.0014268789,-0.0081070475,-0.053599145,-0.0029935124,0.021255353,-0.03862623,-0.073497,-0.024540888,-0.1297986,-0.029026449,-0.025010195,-0.028626371,-0.06866699,0.0006510939,-0.018876545,-0.019649303,0.009809567,-0.06289552,-0.012740384,0.031786457,-0.031093832,-0.034740612,0.009358831,-0.010485191,-0.019335287,-0.070365824,-0.040923256,-0.060951643,0.0030222228,0.046992533,0.027167311,0.0026124185,0.026877131,-0.0015868151,0.026661135,0.017775152,-0.029502848,-0.060492903,0.049167052
66,0.009948505,0.05529625,-0.032861494,0.08588829,0.051453296,0.08961826,-0.002261567,0.008615374,0.026333569,0.05160013,-0.073825665,-0.037354797,0.052571695,0.024355153,-0.0036129472,-0.0038272175,-0.04174832,0.0499127,-0.027109032,0.017838648,-0.01440805,0.015403931,0.11334866,-0.027881432,0.050279528,0.07836567,-0.003837323,-0.041375168,0.05010673,0.067239106,-0.03309227,-0.013052412,0.024255022,0.045959964,-0.0014000747,0.042455144,0.028508358,0.021912457,-0.013009515,0.02884117,0.0061608665,0.10125104,0.00043857406,-0.012627364,0.043205593,0.04807008,0.038837362,-0.019839514,0.08023691,0.05517005,0.01181685,0.0031504766,0.046183124,0.048332233,-0.013569045,-0.013493532,0.032351643,0.06327817,-0.054162804,0.039068267,0.08240442,-0.034878634,-0.035386834,0.02872957,-0.041822046,0.036034755,-0.04181054,-0.002834659,-0.015125385,-0.010206119,0.03333321,-0.022076366
67,0.014212597,0.015487279,-0.07353996,-0.073783696,0.0032103958,-0.06380278,-0.059346195,-0.027339622,-0.018844774,-0.010983266,-0.05734238,-0.07293795,-0.022094505,0.014353758,0.034641743,-0.007841274,-0.01803888,0.040707856,0.043502174,0.028457418,-0.015599721,0.023950307,0.14088611,0.06099783,0.00048732286,-0.043200083,-0.033551387,0.0049984655,-0.051494267,-0.022568868,-0.015340347,0.026391353,-0.028709363,0.0061534373,0.0038069584,-0.042705845,0.010725939,-0.008908701,0.02686583,0.06159874,-0.018635238,0.037905432,-0.020596815,0.019341111,-0.020277385,-0.008546239,-0.03257404,-0.008198564,-0.010344014,-0.025390035,-0.05862296,-0.06880459,-0.0090075,0.028031034,-0.00449735,-0.011076729,0.00046351828,-0.00874129,-0.005039947,-0.05360632,-0.044924308,0.010781221,0.08411629,0.06000232,-0.019099617,0.11419404,0.028749648,0.008462894,0.053388778,-0.002322227,-0.032168575,0.04227968
68,0.07931676,0.007886994,-0.09113787,0.026096178,0.027288482,-0.029248072,-0.10111063,-0.037792385,0.013800133,0.029213816,-0.04219955,-0.10958076,-0.013117397,-0.046019666,-0.12917177,-0.08091871,-0.04651656,-0.15292205,-0.09831695,-0.007917646,-0.06651488,-0.03717337,-0.0012160854,-0.12614201,-0.06616769,-0.011052782,0.04802251,0.018378897,-0.061736498,-0.05199767,-0.007256107,-0.040727396,-0.0052903853,-0.023527602,0.09588757,0.053963397,0.102064274,0.09808253,-0.022727221,-0.0025797787,0.0835826,0.0009985606,-0.001721375,-0.027914923,0.054691598,0.05762821,0.0061543146,-0.013291441,-0.010121494,-0.0729427,-0.031585816,-0.02893363,-0.049432985,-0.03864838,-0.019753262,-0.0065670735,-0.039903805,-0.008881166,-0.008936668,-0.032432266,0.0014459922,-0.11351744,-0.02212079,-0.0025595897,-0.036697328,-0.0062907566,-0.03432881,-0.0026137817,-0.03267078,-0.01651446,-0.015582165,-0.03706763
69,-0.034004472,-0.06120186,-0.14464286,-0.025921274,-0.049846243,-0.09037355,-0.0808862,-0.04338334,-0.006974988,-0.016211238,-0.014371538,-0.16090104,-0.04200269,0.0054211267,-0.038558982,-0.051803477,0.02188226,-0.06497,0.017815175,-0.0038936029,-0.012208337,-0.04916881,0.06200498,0.009036181,-0.024163913,-0.0371036,-0.065202296,-0.031044554,-0.008421662,-0.10729308,0.026057152,0.007733882,-0.011218636,-0.05820997,0.05727672,-0.060111657,0.039146844,0.029911984,0.039688453,-0.017802678,-0.0090925,0.04361374,0.029859265,-0.06377494,0.048794676,0.03307872,-0.0059280563,0.019301021,-0.0012769188,-0.004468739,-0.12637593,0.005693435,-0.049469184,-0.08039633,-0.070286185,0.024143942,-0.03281108,-0.00923802,0.008277091,-0.091885924,-0.0029266905,-0.031050289,-0.13600095,-0.096057884,-0.024425142,-0.05724627,-0.07619598,-0.06527725,-0.019900484,-0.017344154,-0.117955446,-0.052156392
70,-0.05212615,-0.08396804,-0.12718467,-0.05870423,-0.08440859,-0.0074627735,-0.13968098,-0.042123474,-0.06505127,-0.018189821,-0.14932165,-0.16623716,-0.086339176,-0.058806602,0.16797373,0.016982237,-0.10307503,-0.03907394,0.13874143,0.048624426,-0.044006724,-0.017438734,0.224244,0.16014771,0.03717187,-0.122808985,-0.1184015,-0.017015273,-0.07375828,-0.02141018,-0.08552416,-0.050767083,-0.05972963,-0.040923998,-0.22609723,-0.16908967,-0.012713113,-0.0624738,-0.06499265,-0.078589246,0.0043341187,-0.09874813,-0.062911704,-0.0704329,-0.04048801,0.014442543,-0.101083666,-0.06349689,0.028740969,0.045053516,-0.091824494,-0.12594327,0.037178583,-0.042020522,-0.10317185,-0.072599225,0.00374526,-0.028852839,-0.13358654,-0.09986596,-0.12692043,-0.10094662,0.17414024,0.011614507,-0.09137632,-0.07430981,0.18404125,0.05401098,-0.110463634,-0.05567116,0.29923975,0.1757151
71,0.0014257974,-0.040536724,-0.011352419,-0.028931355,0.0075420314,-0.037754867,-0.021888953,0.03296689,-0.019636888,-0.038935333,0.021664727,-0.035493784,0.0162927,0.031778287,-0.045307655,-0.015416882,0.0118754795,-0.053955324,-0.028643535,-0.017115183,0.008171259,-0.014685991,-0.04848713,0.008542112,-0.075885184,-0.06001738,0.076486096,-0.0059510814,-0.02534239,0.038795196,0.053175677,-0.0016108998,-0.034749832,-0.011172645,0.07941537,0.038548417,0.061853193,0.063943036,0.023772225,-0.0033659963,0.07204378,0.017572716,-0.024021756,-0.007665887,0.034334444,0.03630827,-0.10333124,0.003937176,0.021752171,0.04453523,0.070822336,0.017198423,0.029383872,0.03060107,0.089071654,-0.0042064767,0.024105081,0.018900296,-0.0898576,0.09159789,0.022812216,0.014188006,-0.0863056,-0.020990375,-0.0038921274,-0.041633632,-0.040607784,0.007003676,0.0035362695,0.026931215,-0.09462223,-0.014853634
